"               epoch"	"      train/box_loss"	"      train/obj_loss"	"      train/cls_loss"	"   metrics/precision"	"      metrics/recall"	"     metrics/mAP_0.5"	"metrics/mAP_0.5:0.95"	"        val/box_loss"	"        val/obj_loss"	"        val/cls_loss"	"               x/lr0"	"               x/lr1"	"               x/lr2"
"                   0"	"              0.0865"	"            0.044483"	"            0.022547"	"             0.41377"	"             0.60554"	"             0.50307"	"             0.17802"	"            0.058367"	"            0.027138"	"            0.018413"	"             0.00098"	"             0.00098"	"             0.09118"
"                   1"	"            0.061715"	"            0.030511"	"            0.011383"	"             0.74732"	"              0.7187"	"             0.81288"	"             0.40251"	"            0.052186"	"            0.021369"	"           0.0044961"	"             0.00197"	"             0.00197"	"             0.08227"
"                   2"	"            0.053013"	"            0.027772"	"           0.0047013"	"             0.87292"	"             0.85376"	"             0.91188"	"             0.48238"	"            0.038613"	"            0.019698"	"           0.0033233"	"           0.0029597"	"           0.0029597"	"             0.07336"
"                   3"	"             0.04667"	"             0.02662"	"           0.0036833"	"             0.87313"	"             0.85731"	"             0.91622"	"             0.47481"	"            0.037056"	"            0.019296"	"            0.003062"	"           0.0039492"	"           0.0039492"	"            0.064449"
"                   4"	"            0.043067"	"            0.025859"	"           0.0031385"	"             0.87055"	"             0.92911"	"              0.9405"	"             0.54573"	"            0.033512"	"            0.018305"	"           0.0029696"	"           0.0049383"	"           0.0049383"	"            0.055538"
"                   5"	"            0.039946"	"            0.025055"	"           0.0028992"	"             0.94866"	"             0.91455"	"             0.96078"	"             0.58629"	"            0.030937"	"             0.01862"	"           0.0030518"	"           0.0059267"	"           0.0059267"	"            0.046627"
"                   6"	"            0.037448"	"            0.025043"	"           0.0025807"	"             0.94891"	"             0.91394"	"             0.96535"	"             0.58183"	"            0.031489"	"            0.017656"	"           0.0027452"	"           0.0069145"	"           0.0069145"	"            0.037715"
"                   7"	"            0.035665"	"             0.02467"	"           0.0024818"	"             0.95786"	"             0.90845"	"             0.96206"	"             0.60516"	"            0.029951"	"            0.017607"	"           0.0026245"	"           0.0079015"	"           0.0079015"	"            0.028802"
"                   8"	"            0.033662"	"            0.024289"	"           0.0023161"	"             0.95146"	"             0.91452"	"             0.96651"	"             0.60821"	"            0.028981"	"            0.018062"	"           0.0022821"	"           0.0088875"	"           0.0088875"	"            0.019888"
"                   9"	"            0.032907"	"            0.024267"	"            0.002272"	"             0.93109"	"             0.89966"	"             0.95455"	"             0.61398"	"             0.02904"	"             0.01818"	"           0.0031432"	"           0.0098724"	"           0.0098724"	"            0.010972"
"                  10"	"            0.032328"	"             0.02469"	"           0.0022365"	"             0.94266"	"             0.91813"	"             0.96593"	"             0.61647"	"            0.029219"	"            0.018027"	"           0.0024328"	"           0.0099781"	"           0.0099781"	"           0.0099781"
"                  11"	"            0.030603"	"            0.023737"	"           0.0019264"	"             0.94138"	"             0.91815"	"             0.96632"	"             0.64392"	"            0.027136"	"            0.017537"	"           0.0025972"	"           0.0099781"	"           0.0099781"	"           0.0099781"
"                  12"	"            0.030309"	"            0.023594"	"           0.0019106"	"              0.9435"	"             0.91157"	"             0.96226"	"             0.64021"	"            0.027201"	"            0.017367"	"           0.0032463"	"           0.0099735"	"           0.0099735"	"           0.0099735"
"                  13"	"            0.030028"	"            0.023888"	"            0.001682"	"             0.95976"	"              0.9107"	"             0.96381"	"             0.63681"	"            0.027457"	"            0.017575"	"           0.0023459"	"           0.0099685"	"           0.0099685"	"           0.0099685"
"                  14"	"            0.029193"	"            0.023409"	"            0.001709"	"             0.95153"	"             0.92335"	"             0.96986"	"             0.64998"	"            0.026933"	"            0.017224"	"           0.0018116"	"            0.009963"	"            0.009963"	"            0.009963"
"                  15"	"            0.028918"	"            0.022819"	"           0.0016219"	"             0.96549"	"              0.9233"	"             0.97286"	"             0.65464"	"            0.026655"	"            0.016943"	"           0.0021693"	"           0.0099571"	"           0.0099571"	"           0.0099571"
"                  16"	"             0.02861"	"            0.022788"	"           0.0015128"	"             0.96105"	"             0.90963"	"             0.96758"	"             0.65487"	"            0.026704"	"            0.017274"	"           0.0022938"	"           0.0099508"	"           0.0099508"	"           0.0099508"
"                  17"	"            0.028191"	"            0.022416"	"           0.0014939"	"             0.96061"	"              0.9216"	"             0.97011"	"              0.6602"	"            0.026128"	"            0.017076"	"           0.0021185"	"            0.009944"	"            0.009944"	"            0.009944"
"                  18"	"            0.028311"	"             0.02292"	"           0.0013815"	"             0.96466"	"             0.91416"	"             0.96976"	"             0.66403"	"            0.026033"	"            0.016886"	"           0.0020871"	"           0.0099368"	"           0.0099368"	"           0.0099368"
"                  19"	"            0.028555"	"            0.022849"	"           0.0014719"	"              0.9471"	"               0.925"	"             0.96996"	"             0.65897"	"            0.026367"	"            0.016997"	"            0.001944"	"           0.0099291"	"           0.0099291"	"           0.0099291"
"                  20"	"            0.027923"	"            0.022471"	"           0.0013361"	"             0.95087"	"              0.9296"	"             0.97059"	"             0.65894"	"            0.026461"	"            0.017275"	"           0.0016918"	"           0.0099211"	"           0.0099211"	"           0.0099211"
"                  21"	"            0.027852"	"            0.022344"	"            0.001265"	"             0.95464"	"             0.92543"	"             0.97213"	"             0.66659"	"            0.025894"	"            0.016776"	"           0.0017735"	"           0.0099126"	"           0.0099126"	"           0.0099126"
"                  22"	"            0.027675"	"            0.022539"	"           0.0012855"	"             0.95725"	"             0.93094"	"             0.97431"	"             0.66703"	"            0.025882"	"            0.016653"	"           0.0018645"	"           0.0099037"	"           0.0099037"	"           0.0099037"
"                  23"	"            0.027587"	"            0.022306"	"           0.0011679"	"             0.96097"	"              0.9142"	"             0.96881"	"             0.66765"	"            0.026109"	"            0.017042"	"           0.0025156"	"           0.0098943"	"           0.0098943"	"           0.0098943"
"                  24"	"            0.027646"	"            0.022076"	"           0.0013207"	"             0.95995"	"             0.92185"	"             0.97067"	"             0.66022"	"            0.026393"	"            0.017379"	"           0.0018065"	"           0.0098845"	"           0.0098845"	"           0.0098845"
"                  25"	"            0.027647"	"            0.022538"	"           0.0013019"	"             0.95506"	"             0.92886"	"             0.97511"	"             0.66674"	"            0.025842"	"            0.016827"	"           0.0017689"	"           0.0098743"	"           0.0098743"	"           0.0098743"
"                  26"	"            0.027055"	"            0.021655"	"           0.0012288"	"             0.95697"	"             0.93522"	"             0.97433"	"             0.67301"	"            0.025567"	"            0.016653"	"           0.0018151"	"           0.0098637"	"           0.0098637"	"           0.0098637"
"                  27"	"            0.027209"	"            0.022024"	"           0.0010676"	"             0.94833"	"             0.93568"	"             0.97274"	"             0.66907"	"            0.025576"	"            0.016745"	"           0.0020464"	"           0.0098527"	"           0.0098527"	"           0.0098527"
"                  28"	"            0.027077"	"            0.022324"	"           0.0012233"	"             0.94752"	"             0.93664"	"             0.97443"	"             0.66478"	"             0.02557"	"            0.016718"	"           0.0019181"	"           0.0098412"	"           0.0098412"	"           0.0098412"
"                  29"	"            0.026884"	"            0.021762"	"           0.0012189"	"             0.94364"	"             0.94981"	"             0.97573"	"             0.66488"	"            0.025702"	"            0.016582"	"           0.0018074"	"           0.0098293"	"           0.0098293"	"           0.0098293"
"                  30"	"            0.026826"	"            0.021693"	"           0.0011565"	"             0.94958"	"             0.92184"	"              0.9698"	"             0.66079"	"            0.026309"	"            0.017209"	"           0.0022138"	"            0.009817"	"            0.009817"	"            0.009817"
"                  31"	"            0.026796"	"            0.022068"	"           0.0011389"	"             0.96168"	"             0.92945"	"             0.97496"	"             0.66172"	"            0.025855"	"            0.016785"	"           0.0016885"	"           0.0098042"	"           0.0098042"	"           0.0098042"
"                  32"	"            0.026926"	"            0.021954"	"           0.0011458"	"             0.94255"	"             0.94224"	"             0.97546"	"             0.66778"	"            0.025815"	"            0.016925"	"           0.0018444"	"           0.0097911"	"           0.0097911"	"           0.0097911"
"                  33"	"            0.026661"	"            0.021713"	"           0.0011038"	"             0.94625"	"              0.9306"	"             0.97351"	"             0.66299"	"            0.025827"	"            0.016975"	"           0.0020215"	"           0.0097775"	"           0.0097775"	"           0.0097775"
"                  34"	"            0.026606"	"            0.021851"	"           0.0010238"	"             0.96193"	"             0.92701"	"             0.97173"	"             0.66723"	"            0.025559"	"            0.016763"	"           0.0019377"	"           0.0097635"	"           0.0097635"	"           0.0097635"
"                  35"	"             0.02648"	"            0.021612"	"           0.0010178"	"             0.94978"	"             0.93811"	"             0.97367"	"             0.66732"	"            0.025742"	"            0.016909"	"           0.0020528"	"           0.0097491"	"           0.0097491"	"           0.0097491"
"                  36"	"            0.026525"	"            0.021524"	"           0.0010585"	"             0.95451"	"             0.93408"	"              0.9727"	"             0.67374"	"            0.025469"	"            0.016604"	"           0.0019818"	"           0.0097343"	"           0.0097343"	"           0.0097343"
"                  37"	"            0.026418"	"            0.021639"	"          0.00096193"	"             0.94862"	"             0.94195"	"             0.97442"	"              0.6684"	"            0.025587"	"            0.016871"	"           0.0020605"	"           0.0097191"	"           0.0097191"	"           0.0097191"
"                  38"	"            0.026197"	"            0.021282"	"           0.0009806"	"             0.96777"	"             0.92616"	"             0.97229"	"             0.67582"	"            0.025342"	"            0.016842"	"           0.0019284"	"           0.0097035"	"           0.0097035"	"           0.0097035"
"                  39"	"            0.026187"	"            0.021546"	"           0.0010507"	"             0.94596"	"             0.93779"	"              0.9723"	"             0.66156"	"             0.02597"	"            0.017011"	"           0.0019492"	"           0.0096875"	"           0.0096875"	"           0.0096875"
"                  40"	"            0.026214"	"             0.02125"	"          0.00093328"	"             0.94699"	"             0.94477"	"             0.97429"	"             0.67673"	"            0.025362"	"            0.016562"	"           0.0019904"	"            0.009671"	"            0.009671"	"            0.009671"
"                  41"	"            0.026179"	"            0.021547"	"           0.0009966"	"             0.95168"	"             0.92749"	"             0.97079"	"              0.6736"	"            0.025692"	"             0.01681"	"           0.0019158"	"           0.0096542"	"           0.0096542"	"           0.0096542"
"                  42"	"            0.025914"	"            0.021312"	"          0.00089064"	"             0.95783"	"             0.92718"	"             0.97211"	"             0.66731"	"            0.025853"	"            0.016884"	"            0.001895"	"           0.0096369"	"           0.0096369"	"           0.0096369"
"                  43"	"            0.026106"	"            0.021106"	"          0.00096145"	"             0.96074"	"             0.93114"	"             0.97537"	"             0.67652"	"            0.025524"	"            0.016454"	"           0.0018962"	"           0.0096193"	"           0.0096193"	"           0.0096193"
"                  44"	"            0.025896"	"            0.021297"	"          0.00096375"	"             0.95228"	"             0.93395"	"             0.97374"	"              0.6713"	"            0.025542"	"            0.016838"	"           0.0019039"	"           0.0096013"	"           0.0096013"	"           0.0096013"
"                  45"	"            0.025923"	"            0.020928"	"          0.00090896"	"             0.95354"	"              0.9279"	"             0.97399"	"             0.68028"	"            0.025381"	"             0.01662"	"           0.0019685"	"           0.0095828"	"           0.0095828"	"           0.0095828"
"                  46"	"             0.02573"	"            0.021027"	"           0.0010312"	"             0.96164"	"             0.92833"	"             0.97355"	"             0.67657"	"            0.025485"	"             0.01698"	"           0.0018754"	"            0.009564"	"            0.009564"	"            0.009564"
"                  47"	"            0.025699"	"            0.021145"	"          0.00085507"	"             0.94877"	"             0.93731"	"             0.97348"	"             0.67509"	"            0.025274"	"            0.016753"	"           0.0018229"	"           0.0095448"	"           0.0095448"	"           0.0095448"
"                  48"	"             0.02574"	"            0.021419"	"          0.00092994"	"             0.94968"	"             0.93973"	"             0.97194"	"             0.66955"	"            0.025763"	"            0.017033"	"           0.0019603"	"           0.0095252"	"           0.0095252"	"           0.0095252"
"                  49"	"            0.025784"	"            0.020924"	"          0.00091195"	"             0.95349"	"             0.94322"	"             0.97474"	"             0.67678"	"            0.025374"	"            0.016585"	"           0.0019437"	"           0.0095052"	"           0.0095052"	"           0.0095052"
"                  50"	"            0.025684"	"            0.020912"	"          0.00087846"	"             0.95319"	"             0.93749"	"             0.97448"	"             0.67874"	"            0.025213"	"            0.016529"	"           0.0021169"	"           0.0094849"	"           0.0094849"	"           0.0094849"
"                  51"	"            0.025572"	"            0.020534"	"          0.00087722"	"             0.95726"	"             0.93618"	"             0.97277"	"             0.67932"	"             0.02507"	"            0.016576"	"           0.0019913"	"           0.0094641"	"           0.0094641"	"           0.0094641"
"                  52"	"            0.025469"	"            0.020934"	"           0.0009035"	"             0.95607"	"             0.93525"	"             0.97329"	"             0.67556"	"            0.025447"	"             0.01683"	"            0.001943"	"            0.009443"	"            0.009443"	"            0.009443"
"                  53"	"            0.025437"	"            0.020962"	"          0.00086692"	"             0.95694"	"              0.9265"	"             0.97207"	"             0.67156"	"            0.025498"	"            0.016764"	"           0.0019679"	"           0.0094215"	"           0.0094215"	"           0.0094215"
"                  54"	"            0.025352"	"            0.020853"	"          0.00078547"	"             0.95839"	"             0.92765"	"             0.97171"	"              0.6777"	"            0.025389"	"            0.016921"	"           0.0018827"	"           0.0093996"	"           0.0093996"	"           0.0093996"
"                  55"	"            0.025422"	"            0.020601"	"          0.00088156"	"             0.96435"	"             0.92749"	"             0.97522"	"              0.6769"	"            0.025268"	"            0.016604"	"           0.0022032"	"           0.0093773"	"           0.0093773"	"           0.0093773"
"                  56"	"            0.025147"	"            0.020837"	"          0.00083029"	"             0.95322"	"             0.93197"	"             0.97477"	"               0.683"	"             0.02515"	"            0.016752"	"           0.0018505"	"           0.0093547"	"           0.0093547"	"           0.0093547"
"                  57"	"            0.025213"	"            0.020765"	"          0.00074989"	"             0.96059"	"             0.93724"	"             0.97432"	"             0.68046"	"            0.025073"	"            0.016438"	"           0.0020601"	"           0.0093317"	"           0.0093317"	"           0.0093317"
"                  58"	"            0.024964"	"            0.020553"	"          0.00077434"	"             0.95761"	"             0.93151"	"             0.97409"	"             0.68296"	"             0.02494"	"            0.016647"	"            0.002115"	"           0.0093083"	"           0.0093083"	"           0.0093083"
"                  59"	"            0.025309"	"            0.020527"	"          0.00084002"	"             0.95569"	"             0.93811"	"             0.97305"	"             0.67706"	"            0.025364"	"            0.016701"	"           0.0022588"	"           0.0092846"	"           0.0092846"	"           0.0092846"
"                  60"	"            0.025224"	"            0.020921"	"          0.00082109"	"             0.94961"	"             0.94087"	"             0.97446"	"             0.67971"	"            0.025167"	"            0.016802"	"            0.002133"	"           0.0092605"	"           0.0092605"	"           0.0092605"
"                  61"	"            0.024748"	"            0.020282"	"          0.00074298"	"             0.95942"	"             0.93902"	"             0.97458"	"             0.67954"	"            0.025234"	"            0.016637"	"           0.0020236"	"           0.0092361"	"           0.0092361"	"           0.0092361"
"                  62"	"             0.02481"	"            0.020276"	"          0.00078973"	"             0.96204"	"             0.92651"	"             0.97333"	"             0.67551"	"            0.025404"	"            0.016845"	"           0.0021475"	"           0.0092113"	"           0.0092113"	"           0.0092113"
"                  63"	"            0.025099"	"            0.020895"	"          0.00072447"	"             0.95241"	"             0.94002"	"              0.9751"	"             0.67683"	"            0.025108"	"            0.016673"	"           0.0020579"	"           0.0091861"	"           0.0091861"	"           0.0091861"
"                  64"	"            0.024941"	"            0.020637"	"           0.0007966"	"             0.96711"	"             0.93004"	"             0.97392"	"             0.68053"	"            0.025297"	"            0.016746"	"           0.0020661"	"           0.0091606"	"           0.0091606"	"           0.0091606"
"                  65"	"             0.02465"	"            0.019991"	"            0.000787"	"             0.94488"	"             0.94733"	"             0.97419"	"             0.67995"	"            0.025293"	"            0.016719"	"           0.0018068"	"           0.0091348"	"           0.0091348"	"           0.0091348"
"                  66"	"            0.024543"	"            0.020152"	"          0.00072447"	"              0.9478"	"               0.943"	"             0.97295"	"             0.67999"	"            0.025339"	"             0.01667"	"           0.0021657"	"           0.0091086"	"           0.0091086"	"           0.0091086"
"                  67"	"            0.024472"	"             0.01989"	"          0.00078496"	"             0.96185"	"             0.93644"	"             0.97521"	"             0.67568"	"            0.025483"	"            0.016883"	"           0.0019962"	"           0.0090821"	"           0.0090821"	"           0.0090821"
"                  68"	"            0.024647"	"            0.020401"	"          0.00069496"	"             0.94629"	"             0.94801"	"             0.97433"	"             0.68011"	"            0.025085"	"            0.016486"	"           0.0023457"	"           0.0090552"	"           0.0090552"	"           0.0090552"
"                  69"	"            0.024766"	"            0.020364"	"          0.00073531"	"             0.96016"	"             0.93109"	"               0.973"	"              0.6835"	"            0.025193"	"            0.016811"	"           0.0020456"	"            0.009028"	"            0.009028"	"            0.009028"
"                  70"	"            0.024369"	"            0.020059"	"          0.00069467"	"             0.95442"	"             0.93642"	"             0.97388"	"              0.6815"	"            0.025138"	"            0.016919"	"           0.0017356"	"           0.0090004"	"           0.0090004"	"           0.0090004"
"                  71"	"            0.024488"	"             0.02003"	"          0.00068773"	"             0.95017"	"             0.94344"	"             0.97446"	"             0.68537"	"            0.025067"	"            0.016642"	"           0.0019001"	"           0.0089726"	"           0.0089726"	"           0.0089726"
"                  72"	"            0.024379"	"            0.020228"	"          0.00076711"	"             0.94999"	"              0.9468"	"             0.97428"	"             0.68186"	"            0.025066"	"            0.016566"	"           0.0020026"	"           0.0089444"	"           0.0089444"	"           0.0089444"
"                  73"	"            0.024366"	"             0.02012"	"          0.00068587"	"             0.95057"	"             0.94248"	"             0.97418"	"             0.68258"	"            0.024984"	"            0.016727"	"           0.0019526"	"           0.0089159"	"           0.0089159"	"           0.0089159"
"                  74"	"             0.02445"	"            0.019923"	"           0.0007259"	"             0.95673"	"             0.94207"	"             0.97328"	"             0.68077"	"             0.02512"	"            0.016716"	"           0.0018942"	"            0.008887"	"            0.008887"	"            0.008887"
"                  75"	"            0.024564"	"            0.020323"	"          0.00081191"	"             0.95729"	"             0.93811"	"             0.97397"	"             0.68297"	"            0.024957"	"            0.016535"	"           0.0019288"	"           0.0088579"	"           0.0088579"	"           0.0088579"
"                  76"	"            0.024177"	"            0.019595"	"          0.00073069"	"             0.97031"	"             0.92352"	"             0.97345"	"             0.68342"	"            0.024978"	"            0.016608"	"           0.0020871"	"           0.0088284"	"           0.0088284"	"           0.0088284"
"                  77"	"            0.024227"	"            0.019914"	"          0.00069577"	"             0.95529"	"             0.93414"	"             0.97195"	"             0.68033"	"            0.025042"	"            0.016651"	"           0.0022085"	"           0.0087987"	"           0.0087987"	"           0.0087987"
"                  78"	"            0.024143"	"            0.020187"	"          0.00068177"	"              0.9578"	"             0.93399"	"              0.9744"	"             0.68245"	"             0.02493"	"             0.01657"	"           0.0019191"	"           0.0087686"	"           0.0087686"	"           0.0087686"
"                  79"	"            0.023909"	"            0.019702"	"          0.00074639"	"             0.95654"	"             0.93952"	"             0.97429"	"             0.68202"	"            0.025065"	"            0.016621"	"           0.0018727"	"           0.0087382"	"           0.0087382"	"           0.0087382"
"                  80"	"            0.024005"	"            0.019698"	"           0.0007128"	"             0.95315"	"             0.93615"	"             0.97245"	"             0.68035"	"            0.025215"	"            0.016665"	"           0.0020613"	"           0.0087075"	"           0.0087075"	"           0.0087075"
"                  81"	"            0.024012"	"            0.019976"	"          0.00068433"	"             0.95995"	"             0.93187"	"             0.97332"	"             0.68109"	"            0.025187"	"            0.016753"	"           0.0019418"	"           0.0086765"	"           0.0086765"	"           0.0086765"
"                  82"	"            0.024134"	"            0.019967"	"          0.00071733"	"              0.9491"	"             0.94395"	"              0.9736"	"             0.68287"	"            0.025087"	"            0.016726"	"           0.0019223"	"           0.0086452"	"           0.0086452"	"           0.0086452"
"                  83"	"            0.023965"	"            0.019761"	"          0.00070441"	"             0.95826"	"             0.93509"	"             0.97304"	"             0.68319"	"            0.024985"	"            0.016718"	"           0.0018518"	"           0.0086137"	"           0.0086137"	"           0.0086137"
"                  84"	"            0.023956"	"            0.019961"	"          0.00068704"	"             0.95465"	"             0.93942"	"             0.97381"	"             0.68232"	"            0.024874"	"            0.016654"	"           0.0017701"	"           0.0085818"	"           0.0085818"	"           0.0085818"
"                  85"	"            0.023803"	"            0.019599"	"          0.00065369"	"             0.94693"	"             0.94479"	"             0.97282"	"             0.68269"	"            0.024984"	"             0.01671"	"           0.0020129"	"           0.0085497"	"           0.0085497"	"           0.0085497"
"                  86"	"             0.02385"	"            0.019611"	"          0.00068222"	"             0.95017"	"             0.94112"	"              0.9731"	"              0.6838"	"            0.024935"	"             0.01656"	"            0.001869"	"           0.0085173"	"           0.0085173"	"           0.0085173"
"                  87"	"            0.023803"	"            0.019743"	"          0.00066072"	"             0.95342"	"             0.94589"	"             0.97405"	"             0.68318"	"             0.02498"	"            0.016562"	"           0.0017765"	"           0.0084846"	"           0.0084846"	"           0.0084846"
"                  88"	"            0.023563"	"            0.019341"	"          0.00064389"	"              0.9516"	"             0.94887"	"             0.97351"	"             0.68442"	"            0.024999"	"            0.016622"	"            0.001698"	"           0.0084516"	"           0.0084516"	"           0.0084516"
"                  89"	"            0.023672"	"            0.019658"	"            0.000721"	"             0.96344"	"              0.9418"	"               0.974"	"             0.68404"	"             0.02506"	"            0.016599"	"           0.0016701"	"           0.0084184"	"           0.0084184"	"           0.0084184"
"                  90"	"            0.023816"	"            0.019564"	"          0.00069491"	"             0.95932"	"             0.94263"	"             0.97417"	"             0.68226"	"            0.025128"	"            0.016544"	"           0.0017681"	"           0.0083849"	"           0.0083849"	"           0.0083849"
"                  91"	"            0.023607"	"            0.019445"	"          0.00066079"	"             0.96114"	"             0.93935"	"             0.97387"	"             0.68471"	"            0.025005"	"            0.016562"	"           0.0018764"	"           0.0083511"	"           0.0083511"	"           0.0083511"
"                  92"	"            0.023428"	"            0.019041"	"           0.0007127"	"             0.95428"	"             0.94361"	"             0.97317"	"             0.68206"	"             0.02509"	"             0.01678"	"           0.0018534"	"           0.0083171"	"           0.0083171"	"           0.0083171"
"                  93"	"            0.023349"	"            0.019254"	"           0.0006527"	"             0.95463"	"             0.94077"	"             0.97243"	"              0.6848"	"            0.024939"	"            0.016772"	"           0.0019048"	"           0.0082829"	"           0.0082829"	"           0.0082829"
"                  94"	"            0.023371"	"            0.019393"	"          0.00062769"	"             0.95142"	"             0.94657"	"             0.97322"	"              0.6818"	"            0.025047"	"            0.016789"	"           0.0019242"	"           0.0082483"	"           0.0082483"	"           0.0082483"
"                  95"	"            0.023405"	"            0.019321"	"          0.00065624"	"             0.95228"	"             0.94249"	"             0.97279"	"             0.68343"	"            0.024999"	"            0.016912"	"           0.0019785"	"           0.0082136"	"           0.0082136"	"           0.0082136"
"                  96"	"            0.023377"	"            0.019121"	"          0.00062545"	"             0.95653"	"             0.93935"	"             0.97306"	"             0.68371"	"            0.024978"	"            0.016731"	"             0.00194"	"           0.0081786"	"           0.0081786"	"           0.0081786"
"                  97"	"            0.023138"	"            0.019376"	"          0.00061395"	"              0.9611"	"             0.93476"	"             0.97198"	"             0.68363"	"            0.025017"	"            0.016795"	"           0.0018979"	"           0.0081433"	"           0.0081433"	"           0.0081433"
"                  98"	"            0.023103"	"            0.019159"	"          0.00057669"	"             0.96138"	"             0.93337"	"              0.9722"	"             0.68344"	"            0.024931"	"            0.016832"	"           0.0018121"	"           0.0081078"	"           0.0081078"	"           0.0081078"
"                  99"	"            0.022931"	"            0.019019"	"          0.00055781"	"             0.95588"	"             0.93705"	"             0.97194"	"             0.68192"	"            0.024954"	"            0.016793"	"           0.0020308"	"           0.0080721"	"           0.0080721"	"           0.0080721"
"                 100"	"            0.023135"	"            0.018875"	"          0.00059723"	"             0.95754"	"              0.9361"	"             0.97226"	"             0.68221"	"            0.025034"	"            0.016828"	"           0.0019654"	"           0.0080362"	"           0.0080362"	"           0.0080362"
"                 101"	"             0.02298"	"            0.019256"	"          0.00062528"	"             0.94565"	"             0.94917"	"             0.97266"	"             0.68537"	"            0.024907"	"             0.01686"	"             0.00202"	"               0.008"	"               0.008"	"               0.008"
"                 102"	"            0.022791"	"            0.018887"	"          0.00064037"	"             0.95159"	"             0.94348"	"             0.97263"	"             0.68438"	"             0.02499"	"            0.016877"	"           0.0020244"	"           0.0079636"	"           0.0079636"	"           0.0079636"
"                 103"	"            0.022852"	"            0.018891"	"           0.0006345"	"             0.95916"	"             0.93305"	"             0.97338"	"             0.68496"	"            0.025067"	"            0.016849"	"            0.001983"	"            0.007927"	"            0.007927"	"            0.007927"
"                 104"	"            0.023097"	"            0.019323"	"           0.0005522"	"             0.95342"	"             0.93919"	"             0.97214"	"              0.6843"	"            0.025059"	"            0.016812"	"           0.0019518"	"           0.0078902"	"           0.0078902"	"           0.0078902"
"                 105"	"            0.022779"	"            0.019043"	"          0.00056884"	"             0.95268"	"             0.94223"	"             0.97208"	"             0.68263"	"            0.025071"	"            0.016786"	"           0.0019937"	"           0.0078532"	"           0.0078532"	"           0.0078532"
"                 106"	"            0.022686"	"            0.018519"	"          0.00057452"	"             0.95506"	"              0.9391"	"             0.97129"	"             0.68222"	"            0.025089"	"            0.016797"	"           0.0020015"	"            0.007816"	"            0.007816"	"            0.007816"
"                 107"	"            0.022478"	"            0.018639"	"          0.00056808"	"              0.9537"	"             0.93814"	"             0.97163"	"             0.68295"	"            0.025108"	"            0.016832"	"           0.0020187"	"           0.0077785"	"           0.0077785"	"           0.0077785"
"                 108"	"            0.022486"	"            0.018405"	"          0.00060347"	"             0.95127"	"              0.9394"	"             0.97091"	"             0.68177"	"            0.025078"	"            0.016854"	"           0.0019764"	"           0.0077409"	"           0.0077409"	"           0.0077409"
"                 109"	"            0.022591"	"             0.01889"	"           0.0005756"	"             0.95538"	"             0.93803"	"             0.97117"	"             0.68191"	"            0.025022"	"            0.016763"	"           0.0019954"	"           0.0077031"	"           0.0077031"	"           0.0077031"
"                 110"	"            0.022823"	"            0.018988"	"          0.00060482"	"             0.95607"	"                0.94"	"             0.97212"	"             0.68341"	"            0.025048"	"            0.016794"	"           0.0019694"	"           0.0076651"	"           0.0076651"	"           0.0076651"
"                 111"	"            0.022504"	"            0.018614"	"          0.00056665"	"             0.95354"	"             0.94032"	"             0.97188"	"             0.68297"	"            0.025049"	"            0.016867"	"           0.0020069"	"           0.0076269"	"           0.0076269"	"           0.0076269"
"                 112"	"            0.022359"	"            0.018521"	"          0.00051384"	"             0.95349"	"             0.93792"	"             0.97124"	"             0.68457"	"            0.025009"	"            0.016873"	"           0.0019757"	"           0.0075886"	"           0.0075886"	"           0.0075886"
"                 113"	"            0.022411"	"            0.018723"	"          0.00061534"	"             0.95154"	"             0.93804"	"             0.97193"	"             0.68309"	"            0.025004"	"            0.016911"	"           0.0019591"	"           0.0075501"	"           0.0075501"	"           0.0075501"
"                 114"	"            0.022417"	"            0.018592"	"          0.00051422"	"              0.9524"	"              0.9397"	"             0.97266"	"             0.68433"	"            0.025036"	"            0.016908"	"           0.0019195"	"           0.0075114"	"           0.0075114"	"           0.0075114"
"                 115"	"            0.022321"	"            0.018385"	"          0.00054025"	"              0.9555"	"             0.93977"	"             0.97242"	"             0.68396"	"            0.025063"	"            0.016916"	"           0.0019173"	"           0.0074725"	"           0.0074725"	"           0.0074725"
"                 116"	"            0.022403"	"            0.018682"	"          0.00057024"	"              0.9591"	"             0.93396"	"             0.97221"	"             0.68351"	"             0.02503"	"            0.016873"	"           0.0019618"	"           0.0074335"	"           0.0074335"	"           0.0074335"
"                 117"	"            0.022052"	"            0.018034"	"          0.00055321"	"             0.95639"	"              0.9377"	"             0.97159"	"             0.68325"	"            0.025047"	"            0.016857"	"           0.0019827"	"           0.0073943"	"           0.0073943"	"           0.0073943"
"                 118"	"            0.022236"	"            0.018473"	"          0.00050279"	"             0.95709"	"             0.93923"	"             0.97205"	"             0.68326"	"            0.025082"	"            0.016879"	"           0.0020223"	"            0.007355"	"            0.007355"	"            0.007355"
"                 119"	"            0.022191"	"            0.018735"	"          0.00053386"	"              0.9457"	"             0.94914"	"             0.97208"	"              0.6824"	"            0.025109"	"            0.016887"	"           0.0020125"	"           0.0073155"	"           0.0073155"	"           0.0073155"
"                 120"	"            0.022102"	"            0.018349"	"          0.00062115"	"               0.958"	"             0.93649"	"             0.97211"	"             0.68428"	"            0.025113"	"            0.016905"	"            0.001994"	"           0.0072758"	"           0.0072758"	"           0.0072758"
"                 121"	"            0.021999"	"            0.018217"	"          0.00055201"	"             0.95314"	"              0.9408"	"             0.97217"	"             0.68478"	"            0.025132"	"            0.016931"	"           0.0019744"	"           0.0072361"	"           0.0072361"	"           0.0072361"
"                 122"	"            0.022141"	"             0.01859"	"          0.00060175"	"             0.95276"	"             0.94198"	"             0.97198"	"             0.68307"	"            0.025177"	"            0.016999"	"           0.0019451"	"           0.0071962"	"           0.0071962"	"           0.0071962"
"                 123"	"            0.022056"	"            0.018397"	"          0.00052894"	"             0.95028"	"              0.9467"	"             0.97195"	"             0.68459"	"            0.025169"	"            0.017005"	"           0.0019282"	"           0.0071561"	"           0.0071561"	"           0.0071561"
"                 124"	"            0.021877"	"            0.018237"	"           0.0005569"	"             0.96237"	"             0.93231"	"             0.97122"	"             0.68431"	"            0.025181"	"            0.017063"	"           0.0019501"	"            0.007116"	"            0.007116"	"            0.007116"
"                 125"	"             0.02198"	"            0.018477"	"          0.00055475"	"             0.95337"	"              0.9442"	"             0.97154"	"             0.68373"	"             0.02517"	"            0.017079"	"           0.0019618"	"           0.0070757"	"           0.0070757"	"           0.0070757"
"                 126"	"            0.021762"	"            0.018101"	"          0.00053176"	"             0.95142"	"             0.94592"	"             0.97237"	"             0.68468"	"            0.025141"	"            0.017111"	"           0.0019811"	"           0.0070353"	"           0.0070353"	"           0.0070353"
"                 127"	"             0.02177"	"            0.018069"	"          0.00054055"	"             0.96117"	"             0.93619"	"             0.97217"	"             0.68579"	"            0.025131"	"            0.017129"	"           0.0020024"	"           0.0069948"	"           0.0069948"	"           0.0069948"
"                 128"	"            0.021704"	"            0.018133"	"          0.00053562"	"             0.96214"	"             0.93398"	"             0.97183"	"             0.68536"	"            0.025154"	"            0.017168"	"            0.001989"	"           0.0069541"	"           0.0069541"	"           0.0069541"
"                 129"	"            0.021755"	"            0.017928"	"          0.00052211"	"             0.94288"	"             0.95266"	"             0.97213"	"              0.6873"	"            0.025144"	"            0.017138"	"           0.0019825"	"           0.0069134"	"           0.0069134"	"           0.0069134"
"                 130"	"            0.021712"	"            0.018086"	"          0.00059256"	"             0.94391"	"             0.95234"	"              0.9721"	"             0.68588"	"            0.025165"	"            0.017136"	"           0.0019763"	"           0.0068726"	"           0.0068726"	"           0.0068726"
"                 131"	"            0.021739"	"            0.017799"	"          0.00059165"	"             0.94543"	"              0.9505"	"             0.97191"	"             0.68584"	"            0.025176"	"             0.01712"	"           0.0019823"	"           0.0068316"	"           0.0068316"	"           0.0068316"
"                 132"	"            0.021371"	"            0.017801"	"          0.00051218"	"             0.94276"	"              0.9526"	"             0.97189"	"             0.68513"	"             0.02519"	"            0.017096"	"           0.0020334"	"           0.0067906"	"           0.0067906"	"           0.0067906"
"                 133"	"            0.021385"	"            0.017877"	"          0.00050033"	"             0.94837"	"             0.94618"	"             0.97184"	"             0.68596"	"            0.025201"	"            0.017095"	"           0.0020647"	"           0.0067495"	"           0.0067495"	"           0.0067495"
"                 134"	"            0.021344"	"            0.017794"	"          0.00047619"	"             0.95149"	"             0.94078"	"              0.9717"	"             0.68563"	"            0.025207"	"            0.017113"	"           0.0020897"	"           0.0067083"	"           0.0067083"	"           0.0067083"
"                 135"	"            0.021439"	"            0.017674"	"          0.00056205"	"              0.9517"	"             0.94081"	"             0.97217"	"             0.68575"	"            0.025209"	"             0.01714"	"           0.0020938"	"           0.0066671"	"           0.0066671"	"           0.0066671"
"                 136"	"             0.02128"	"            0.017917"	"          0.00048968"	"             0.95374"	"             0.93649"	"             0.97132"	"             0.68334"	"            0.025206"	"            0.017153"	"           0.0021224"	"           0.0066257"	"           0.0066257"	"           0.0066257"
"                 137"	"            0.021146"	"            0.017709"	"          0.00045048"	"             0.95654"	"             0.93472"	"             0.97123"	"             0.68499"	"            0.025185"	"             0.01717"	"           0.0021251"	"           0.0065843"	"           0.0065843"	"           0.0065843"
"                 138"	"            0.021105"	"            0.017682"	"          0.00046404"	"             0.95728"	"             0.93422"	"             0.97079"	"             0.68444"	"            0.025188"	"             0.01718"	"           0.0021474"	"           0.0065429"	"           0.0065429"	"           0.0065429"
"                 139"	"            0.021172"	"            0.017478"	"           0.0005199"	"             0.94415"	"             0.94674"	"             0.97044"	"             0.68394"	"            0.025192"	"            0.017196"	"           0.0021379"	"           0.0065013"	"           0.0065013"	"           0.0065013"
"                 140"	"            0.021127"	"            0.017885"	"          0.00046788"	"             0.95662"	"              0.9349"	"             0.97049"	"             0.68419"	"            0.025194"	"            0.017227"	"           0.0021251"	"           0.0064597"	"           0.0064597"	"           0.0064597"
"                 141"	"            0.020945"	"            0.017387"	"          0.00046682"	"             0.95725"	"             0.93397"	"             0.97036"	"             0.68371"	"            0.025212"	"            0.017244"	"           0.0021002"	"           0.0064181"	"           0.0064181"	"           0.0064181"
"                 142"	"            0.020861"	"            0.017306"	"          0.00047381"	"             0.95151"	"             0.93975"	"             0.97122"	"             0.68423"	"            0.025218"	"             0.01728"	"           0.0021058"	"           0.0063764"	"           0.0063764"	"           0.0063764"
"                 143"	"            0.021045"	"             0.01772"	"          0.00046486"	"             0.95137"	"             0.93898"	"             0.97024"	"             0.68445"	"            0.025205"	"            0.017306"	"           0.0021057"	"           0.0063347"	"           0.0063347"	"           0.0063347"
"                 144"	"             0.02078"	"            0.017528"	"          0.00048327"	"             0.95082"	"             0.93934"	"             0.97029"	"              0.6834"	"            0.025209"	"            0.017337"	"            0.002105"	"            0.006293"	"            0.006293"	"            0.006293"
"                 145"	"            0.020757"	"            0.017069"	"          0.00044119"	"             0.95742"	"              0.9344"	"              0.9701"	"             0.68365"	"            0.025208"	"            0.017334"	"           0.0020886"	"           0.0062512"	"           0.0062512"	"           0.0062512"
"                 146"	"            0.020523"	"            0.017124"	"           0.0004386"	"             0.95565"	"             0.93514"	"             0.97034"	"             0.68375"	"            0.025203"	"            0.017342"	"           0.0020973"	"           0.0062093"	"           0.0062093"	"           0.0062093"
"                 147"	"            0.020553"	"            0.016971"	"           0.0004962"	"             0.95526"	"             0.93496"	"              0.9707"	"             0.68286"	"            0.025214"	"            0.017357"	"           0.0021055"	"           0.0061675"	"           0.0061675"	"           0.0061675"
"                 148"	"            0.020633"	"            0.017394"	"          0.00047355"	"             0.96189"	"              0.9295"	"             0.97051"	"             0.68256"	"            0.025218"	"            0.017357"	"           0.0021149"	"           0.0061256"	"           0.0061256"	"           0.0061256"
"                 149"	"            0.020788"	"            0.017396"	"          0.00048272"	"             0.95631"	"             0.93503"	"             0.97037"	"             0.68264"	"             0.02522"	"            0.017356"	"           0.0021259"	"           0.0060838"	"           0.0060838"	"           0.0060838"
"                 150"	"            0.020491"	"             0.01708"	"          0.00044796"	"             0.95503"	"              0.9352"	"             0.97031"	"             0.68293"	"            0.025228"	"            0.017357"	"           0.0021306"	"           0.0060419"	"           0.0060419"	"           0.0060419"
"                 151"	"            0.020564"	"            0.017112"	"          0.00045133"	"             0.94629"	"             0.94248"	"             0.97064"	"             0.68278"	"            0.025231"	"            0.017356"	"           0.0021289"	"               0.006"	"               0.006"	"               0.006"
"                 152"	"            0.020306"	"            0.017113"	"          0.00049809"	"             0.95502"	"             0.93408"	"              0.9703"	"             0.68318"	"            0.025234"	"            0.017367"	"           0.0021414"	"           0.0059581"	"           0.0059581"	"           0.0059581"
"                 153"	"            0.020443"	"            0.017097"	"          0.00044853"	"             0.95659"	"              0.9323"	"             0.97039"	"             0.68309"	"             0.02524"	"             0.01738"	"           0.0021397"	"           0.0059162"	"           0.0059162"	"           0.0059162"
"                 154"	"            0.020395"	"            0.016939"	"          0.00049973"	"             0.94365"	"             0.94369"	"             0.97046"	"             0.68333"	"            0.025247"	"            0.017394"	"           0.0021411"	"           0.0058744"	"           0.0058744"	"           0.0058744"
"                 155"	"             0.02043"	"            0.017152"	"          0.00048072"	"             0.94469"	"             0.94307"	"             0.97055"	"             0.68339"	"            0.025255"	"            0.017401"	"            0.002134"	"           0.0058325"	"           0.0058325"	"           0.0058325"
"                 156"	"            0.020063"	"            0.016544"	"          0.00044816"	"             0.94463"	"             0.94251"	"             0.97054"	"              0.6841"	"            0.025255"	"            0.017402"	"           0.0021248"	"           0.0057907"	"           0.0057907"	"           0.0057907"
"                 157"	"            0.020112"	"            0.016829"	"          0.00041358"	"             0.95026"	"             0.93648"	"             0.97073"	"             0.68476"	"            0.025264"	"            0.017401"	"           0.0021218"	"           0.0057488"	"           0.0057488"	"           0.0057488"
"                 158"	"            0.020252"	"            0.017121"	"          0.00044419"	"             0.95044"	"             0.93675"	"             0.97084"	"             0.68422"	"            0.025275"	"            0.017412"	"           0.0021239"	"            0.005707"	"            0.005707"	"            0.005707"
"                 159"	"            0.019966"	"            0.016671"	"          0.00046812"	"             0.94505"	"             0.94277"	"             0.97068"	"             0.68434"	"            0.025281"	"            0.017419"	"           0.0021179"	"           0.0056653"	"           0.0056653"	"           0.0056653"
"                 160"	"            0.019988"	"            0.016651"	"           0.0004365"	"             0.95022"	"             0.93751"	"              0.9708"	"             0.68356"	"            0.025285"	"            0.017427"	"           0.0021128"	"           0.0056236"	"           0.0056236"	"           0.0056236"
"                 161"	"            0.019998"	"            0.016996"	"          0.00044291"	"             0.95158"	"             0.93721"	"             0.97055"	"             0.68393"	"            0.025285"	"            0.017436"	"            0.002093"	"           0.0055819"	"           0.0055819"	"           0.0055819"
"                 162"	"            0.019981"	"            0.016813"	"          0.00045606"	"             0.95204"	"             0.93749"	"             0.97046"	"             0.68346"	"             0.02529"	"            0.017443"	"           0.0020868"	"           0.0055403"	"           0.0055403"	"           0.0055403"
"                 163"	"            0.019882"	"            0.016666"	"          0.00044164"	"             0.95233"	"             0.93769"	"             0.97052"	"             0.68344"	"            0.025291"	"            0.017462"	"           0.0020733"	"           0.0054987"	"           0.0054987"	"           0.0054987"
"                 164"	"            0.019882"	"            0.016666"	"          0.00044164"	"             0.95233"	"             0.93769"	"             0.97052"	"             0.68344"	"            0.025291"	"            0.017462"	"           0.0020733"	"           0.0054987"	"           0.0054987"	"           0.0054987"
